{"cameraMode":{"drawMode":0,"name":"Shaded","section":"Shading Mode"},"sceneLighting":false,"audioPlay":false,"sceneViewState":{"showFog":true,"showMaterialUpdate":false,"showSkybox":false,"showFlares":true,"showImageEffects":true,"showParticleSystems":true},"in2DMode":false,"pivot":{"x":-51.00239562988281,"y":105.3522720336914,"z":-162.94302368164063},"rotation":{"x":-0.04013083502650261,"y":0.9598251581192017,"z":-0.1913803070783615,"w":-0.2012697458267212},"size":1.4609959125518799,"orthographic":false}