{"cameraMode":{"drawMode":0,"name":"Shaded","section":"Shading Mode"},"sceneLighting":true,"audioPlay":false,"sceneViewState":{"showFog":true,"showMaterialUpdate":false,"showSkybox":true,"showFlares":true,"showImageEffects":true,"showParticleSystems":true},"in2DMode":false,"pivot":{"x":3.4636306762695314,"y":10.832113265991211,"z":-0.46968841552734377},"rotation":{"x":-0.1845177263021469,"y":0.28363868594169619,"z":-0.05529053881764412,"w":-0.9395203590393066},"size":25.533227920532228,"orthographic":false}